City_ID,City,Lat,Lng,Max Temp,Humidity,Cloudiness,Wind Speed,Country,Date
0,mount isa,-20.7333,139.5,24.87,57,10,3.6,AU,1680119429
1,palafrugell,41.9174,3.1631,14.42,52,12,2.24,ES,1680119430
2,saint george,37.1041,-113.5841,19.58,26,0,5.14,US,1680119268
3,port alfred,-33.5906,26.891,15.66,71,100,2.68,ZA,1680119430
4,albany,42.6001,-73.9662,13.23,32,97,2.24,US,1680119430
5,bengkulu,-3.8004,102.2655,24.22,88,94,2.1,ID,1680119211
6,kahului,20.8947,-156.47,26.65,72,20,5.36,US,1680119428
7,jamestown,42.097,-79.2353,7.8,47,75,9.77,US,1680119385
8,rikitea,-23.1203,-134.9692,26.35,78,80,3.79,PF,1680119431
9,ushuaia,-54.8,-68.3,4.81,56,40,7.72,AR,1680119431
10,chokurdakh,70.6333,147.9167,-34.06,100,99,2.42,RU,1680119432
11,katsuura,35.1333,140.3,11.84,81,16,1.79,JP,1680119208
12,thompson,55.7435,-97.8558,-3.91,42,75,5.14,CA,1680119433
13,lake charles,30.2131,-93.2044,19.12,61,75,6.17,US,1680119348
14,santa helena,-2.2311,-45.3,23.85,97,100,1.31,BR,1680119433
15,bluff,-46.6,168.3333,5.45,73,16,6.27,NZ,1680119433
16,cape town,-33.9258,18.4232,16.18,76,20,4.12,ZA,1680119404
17,korla,41.7597,86.1469,13.36,17,92,2.05,CN,1680119434
18,media luna,20.1419,-77.435,28.81,57,16,4.45,CU,1680119434
19,puerto del rosario,28.5004,-13.8627,23.86,38,0,8.75,ES,1680119435
20,esperance,-33.8667,121.9,15.29,84,100,4.07,AU,1680119435
21,vaini,-21.2,-175.2,23.09,94,40,1.03,TO,1680119435
22,alta floresta,-9.8756,-56.0861,23.9,88,75,1.54,BR,1680119229
23,te anau,-45.4167,167.7167,2.06,91,53,0.53,NZ,1680119272
24,songjianghe,42.1859,127.479,1.23,76,11,2.67,CN,1680119436
25,koson,39.0375,65.585,19.18,35,18,2.7,UZ,1680119436
26,nyurba,63.2842,118.3319,-13.19,94,100,3.37,RU,1680119274
27,flinders,-34.5833,150.8552,15.14,80,15,0.89,AU,1680119437
28,moshenskoye,58.5102,34.5911,3.35,98,100,2.82,RU,1680119437
29,punta arenas,-53.15,-70.9167,7.01,56,40,2.57,CL,1680118999
30,kaitangata,-46.2817,169.8464,8.16,67,90,3.01,NZ,1680119437
31,san giovanni in fiore,39.2633,16.6996,3.53,45,37,2.82,IT,1680119438
32,gravdal,68.1214,13.5031,-5.1,58,14,1.34,NO,1680119438
33,longyearbyen,78.2186,15.6401,-12.09,79,40,1.03,SJ,1680119350
34,busselton,-33.65,115.3333,15.41,71,86,6.44,AU,1680119438
35,axim,4.8699,-2.2405,27.32,83,74,4.91,GH,1680119438
36,hilo,19.7297,-155.09,24.97,89,100,7.72,US,1680119324
37,severo-kurilsk,50.6789,156.125,-0.58,63,7,2.86,RU,1680119439
38,luebo,-5.35,21.4167,22.01,94,95,0.93,CD,1680119439
39,aswan,24.0934,32.907,26.61,11,0,3.09,EG,1680119439
40,vila franca do campo,37.7167,-25.4333,16.23,87,100,6.21,PT,1680119439
41,chapais,49.7834,-74.8492,-1.12,83,100,4.15,CA,1680119440
42,stokmarknes,68.5646,14.9108,-6.02,62,92,2.06,NO,1680119440
43,hays,30.0502,-98.0336,22.0,55,100,4.36,US,1680119359
44,ahipara,-35.1667,173.1667,11.84,67,100,2.19,NZ,1680119440
45,paita,-5.0892,-81.1144,27.27,74,97,5.76,PE,1680119441
46,eureka,40.8021,-124.1637,14.0,58,84,2.68,US,1680119441
47,dikson,73.5069,80.5464,-20.09,100,100,2.68,RU,1680119441
48,hermanus,-34.4187,19.2345,13.22,75,55,0.99,ZA,1680119441
49,nago,26.5881,127.9761,19.24,83,100,9.07,JP,1680119442
50,watsa,3.0372,29.5355,19.34,87,100,1.16,CD,1680119442
51,bredasdorp,-34.5322,20.0403,14.77,71,63,2.41,ZA,1680119442
52,kautokeino,69.0125,23.0412,-6.83,95,100,5.58,NO,1680119442
53,yulin,22.6333,110.15,17.36,95,100,1.67,CN,1680119443
54,whitianga,-36.8333,175.7,10.41,69,0,2.81,NZ,1680119240
55,ostrovnoy,68.0531,39.5131,-3.1,90,100,10.15,RU,1680119443
56,taoudenni,22.6783,-3.9836,32.56,7,1,6.72,ML,1680119444
57,san patricio,28.017,-97.5169,21.6,73,100,4.89,US,1680119444
58,upernavik,72.7868,-56.1549,-24.89,86,41,3.55,GL,1680119445
59,praya,14.9215,-23.5087,28.3,39,0,7.72,CV,1680119386
60,new norfolk,-42.7826,147.0587,12.73,76,100,1.79,AU,1680119446
61,tasiilaq,65.6145,-37.6368,-13.34,73,6,0.58,GL,1680119446
62,cherskiy,68.75,161.3,-30.42,100,95,0.64,RU,1680119427
63,acapulco,16.8634,-99.8901,32.51,41,100,3.73,MX,1680119154
64,nanortalik,60.1432,-45.2371,-2.06,82,71,2.44,GL,1680119446
65,coxim,-18.5067,-54.76,31.75,62,22,1.96,BR,1680119447
66,hobart,-42.8794,147.3294,12.92,75,75,9.26,AU,1680119276
67,krasnoturansk,54.3186,91.5639,1.83,92,59,1.16,RU,1680119447
68,zabol,32.25,67.25,7.75,79,100,6.5,AF,1680119448
69,grootfontein,-19.5667,18.1167,19.76,77,25,1.03,NA,1680119448
70,hamilton,39.1834,-84.5333,14.58,37,20,7.2,US,1680118800
71,tiksi,71.6872,128.8694,-30.92,100,80,3.11,RU,1680119448
72,westport,41.1415,-73.3579,13.68,37,0,5.14,US,1680119449
73,san quintin,30.4833,-115.95,16.14,53,0,5.74,MX,1680119449
74,hithadhoo,-0.6,73.0833,27.94,76,46,2.77,MV,1680119450
75,avarua,-21.2078,-159.775,27.03,83,20,2.57,CK,1680119450
76,beringovskiy,63.05,179.3167,-6.86,91,100,4.42,RU,1680119450
77,kokorevka,52.5872,34.2778,-0.1,81,100,4.39,RU,1680119451
78,saint-philippe,-21.3585,55.7679,25.77,85,90,3.36,RE,1680119451
79,abu dhabi,24.4667,54.3667,25.53,58,0,4.12,AE,1680119336
80,castro,-24.7911,-50.0119,25.0,69,99,2.0,BR,1680119452
81,kapaa,22.0752,-159.319,24.18,90,75,6.17,US,1680119452
82,mataura,-46.1927,168.8643,5.27,78,9,1.54,NZ,1680119453
83,washougal,45.5826,-122.3534,14.33,74,40,2.06,US,1680119453
84,broome,42.2506,-75.833,12.23,36,40,6.26,US,1680119453
85,turbat,26.0023,63.044,24.08,50,84,1.97,PK,1680119453
86,tagusao,9.1924,117.8141,27.08,79,90,2.59,PH,1680119454
87,tazovskiy,67.4667,78.7,-15.22,95,100,5.86,RU,1680119454
88,tamandare,-8.7597,-35.1047,25.81,84,31,2.8,BR,1680119454
89,bethel,41.3712,-73.414,13.13,33,0,3.09,US,1680119455
90,kodiak,57.79,-152.4072,2.73,87,100,2.57,US,1680119455
91,show low,34.2542,-110.0298,16.45,20,0,11.83,US,1680119455
92,portland,45.5234,-122.6762,14.41,74,75,2.06,US,1680119329
93,berdigestyakh,62.0989,126.6992,-22.14,100,94,1.24,RU,1680119456
94,udomlya,57.8794,34.9925,3.75,98,100,2.71,RU,1680119456
95,lagoa,39.05,-27.9833,15.89,78,100,11.69,PT,1680119456
96,paramonga,-10.6667,-77.8333,27.12,68,100,4.32,PE,1680119457
97,khatanga,71.9667,102.5,-31.58,100,99,0.93,RU,1680119275
98,linxia,35.6003,103.2064,8.53,58,100,0.53,CN,1680119457
99,viedma,-40.8135,-62.9967,15.19,18,0,6.67,AR,1680119457
100,nikolskoye,59.7035,30.7861,-3.06,91,100,3.67,RU,1680119458
101,victoria,22.2855,114.1577,21.25,92,100,5.36,HK,1680119334
102,yumen,40.2833,97.2,7.02,18,0,3.28,CN,1680119458
103,nome,64.5011,-165.4064,-4.91,100,100,9.77,US,1680119458
104,kolda,12.8833,-14.95,38.17,20,0,1.03,SN,1680119459
105,upata,8.0086,-62.3989,33.78,28,86,2.26,VE,1680119386
106,san matias,-16.3667,-58.4,30.46,67,88,1.46,BO,1680119459
107,pitimbu,-7.4706,-34.8086,27.33,78,97,3.96,BR,1680119459
108,atuona,-9.8,-139.0333,27.51,73,53,6.59,PF,1680119459
109,lalmohan,22.3384,90.7419,23.84,92,0,2.65,BD,1680119460
110,botevgrad,42.9,23.7833,4.1,55,93,1.39,BG,1680119460
111,kapit,2.0167,112.9333,23.18,100,100,1.02,MY,1680119460
112,cayenne,4.9333,-52.3333,28.02,74,100,6.17,GF,1680119460
113,wonthaggi,-38.6044,145.5913,13.79,67,100,6.17,AU,1680119461
114,muzhi,65.3667,64.6667,-16.03,84,4,3.6,RU,1680119461
115,camacha,33.0833,-16.3333,18.68,83,0,5.14,PT,1680119461
116,imbituba,-28.24,-48.6703,26.55,77,83,5.19,BR,1680119462
117,chuy,-33.6971,-53.4616,26.26,57,51,1.8,UY,1680119462
118,galle,6.0367,80.217,26.01,84,96,2.53,LK,1680119318
119,clyde river,70.4692,-68.5914,-18.87,84,75,1.03,CA,1680119463
120,sao joao da barra,-21.6403,-41.0511,30.05,79,69,4.24,BR,1680119456
121,norman wells,65.282,-126.8329,-8.98,67,75,5.14,CA,1680119463
122,jinchang,38.4953,102.1739,9.67,25,100,3.51,CN,1680119464
123,butaritari,3.0707,172.7902,27.3,80,96,6.55,KI,1680119464
124,raton,36.9034,-104.4391,16.34,16,0,8.23,US,1680119464
125,arraial do cabo,-22.9661,-42.0278,28.98,65,0,7.72,BR,1680119465
126,kavieng,-2.5744,150.7967,28.17,72,99,2.47,PG,1680119465
127,ponta delgada,37.7333,-25.6667,16.4,88,20,6.69,PT,1680119466
128,calabozo,8.9242,-67.4293,36.13,25,100,2.73,VE,1680119466
129,wagar,16.1525,36.2032,27.88,16,84,5.54,SD,1680119467
130,inhambane,-23.865,35.3833,23.99,53,0,4.74,MZ,1680119467
131,wlodawa,51.55,23.55,-0.03,47,52,1.66,PL,1680119183
132,carnarvon,-24.8667,113.6333,23.86,79,100,2.54,AU,1680119468
133,georgetown,5.4112,100.3354,25.96,94,20,0.0,MY,1680119469
134,cravo norte,6.3017,-70.2041,35.75,29,98,2.73,CO,1680119469
135,tuktoyaktuk,69.4541,-133.0374,-20.0,77,0,2.57,CA,1680119469
136,lesozavodsk,45.4794,133.4244,6.34,60,100,8.15,RU,1680119470
137,amapa,1.0,-52.0,26.19,94,52,1.59,BR,1680119470
138,puerto el triunfo,13.2833,-88.55,36.24,34,2,6.09,SV,1680119471
139,eyl,7.9803,49.8164,27.2,73,38,2.87,SO,1680119471
140,igrim,63.1906,64.4162,-14.99,93,4,1.41,RU,1680119472
141,souillac,-20.5167,57.5167,27.21,83,75,3.6,MU,1680119472
142,geraldton,-28.7667,114.6,23.23,78,7,8.23,AU,1680119473
143,yellowknife,62.456,-114.3525,-7.71,57,75,2.06,CA,1680119429
144,kruisfontein,-34.0033,24.7314,14.38,74,40,6.22,ZA,1680119473
145,santa maria,-29.6842,-53.8069,34.61,38,20,4.12,BR,1680119329
146,torbay,47.6666,-52.7314,2.38,87,100,8.75,CA,1680119473
147,ribeira grande,38.5167,-28.7,16.54,88,40,11.18,PT,1680119474
148,tuyen quang,21.8233,105.2181,19.8,87,81,0.66,VN,1680119474
149,qaanaaq,77.484,-69.3632,-21.94,67,89,2.63,GL,1680119474
150,san ramon,37.7799,-121.978,10.18,87,100,6.69,US,1680119268
151,barrow,71.2906,-156.7887,-14.99,78,100,5.14,US,1680119475
152,aklavik,68.2191,-135.0107,-11.37,82,6,5.45,CA,1680119475
153,arlit,18.7369,7.3853,26.56,8,0,6.06,NE,1680119476
154,provideniya,64.3833,-173.3,-5.21,90,100,6.76,RU,1680119211
155,qianan,44.9932,124.0581,6.95,49,4,1.34,CN,1680119476
156,maceio,-9.6658,-35.7353,25.69,94,75,4.63,BR,1680119285
157,flers,48.7372,-0.5747,12.14,71,67,5.46,FR,1680119477
158,evensk,61.95,159.2333,-19.04,91,30,2.88,RU,1680119477
159,astana,51.1801,71.446,1.97,93,100,9.0,KZ,1680119478
160,shizilu,35.1711,118.8289,8.61,76,100,1.23,CN,1680119478
161,malakal,9.5334,31.6605,32.27,15,10,2.4,SS,1680119478
162,camden,39.7835,-74.9663,15.11,36,33,0.89,US,1680119318
163,yar-sale,66.8333,70.8333,-16.2,86,30,6.54,RU,1680119479
164,pisco,-13.7,-76.2167,29.03,58,0,6.17,PE,1680119479
165,tutoia,-2.7619,-42.2744,27.03,78,99,3.71,BR,1680119480
166,kichera,55.9375,110.0997,1.01,99,100,1.13,RU,1680119480
167,laytown,53.6819,-6.2392,13.4,88,84,5.7,IE,1680119480
168,lebu,-37.6167,-73.65,13.74,57,17,7.4,CL,1680119266
169,kasempa,-13.4584,25.8338,17.43,97,100,1.83,ZM,1680119481
170,merauke,-8.4667,140.3333,25.25,88,92,1.86,ID,1680119481
171,freeport,40.6576,-73.5832,13.59,44,0,7.2,US,1680119376
172,rio gallegos,-51.6226,-69.2181,8.03,39,75,5.14,AR,1680119482
173,cidreira,-30.1811,-50.2056,26.0,76,0,5.5,BR,1680119482
174,rovaniemi,66.5,25.7167,-6.33,100,100,2.57,FI,1680119188
175,guiren,33.6697,118.1889,9.24,81,99,2.61,CN,1680119483
176,luoyang,34.6836,112.4536,12.05,52,0,0.92,CN,1680119483
177,poum,-20.2333,164.0167,26.08,77,100,3.1,NC,1680119483
178,bilma,18.6853,12.9164,26.02,8,0,3.14,NE,1680119483
179,nishihara,26.1842,127.7558,18.81,87,100,7.72,JP,1680119484
180,maltahohe,-24.8333,16.9833,19.43,18,0,5.56,NA,1680119484
181,tevaitoa,-16.7833,-151.5,28.1,74,78,4.98,PF,1680119484
182,lasa,46.6166,10.7002,9.46,99,100,0.89,IT,1680119484
183,salekhard,66.53,66.6019,-19.31,85,3,3.65,RU,1680119485
184,chimbote,-9.0853,-78.5783,25.58,80,42,3.84,PE,1680119485
185,liuzhou,24.3126,109.3892,14.96,86,100,2.15,CN,1680119485
186,durban,-29.8579,31.0292,22.23,69,99,3.13,ZA,1680119485
187,fortuna,40.5982,-124.1573,13.85,56,92,1.34,US,1680119486
188,saskylakh,71.9167,114.0833,-30.49,100,94,1.73,RU,1680119486
189,kyren,51.6828,102.1408,1.95,65,2,2.52,RU,1680119486
190,huarmey,-10.0681,-78.1522,27.51,68,93,4.12,PE,1680119487
191,bjornevatn,69.6672,29.9847,-3.21,86,100,5.66,NO,1680119487
192,trofors,65.5333,13.4063,-9.07,96,15,1.97,NO,1680119487
193,paamiut,61.994,-49.6678,-7.91,69,9,2.52,GL,1680119487
194,aracruz,-19.8203,-40.2733,28.56,86,100,1.91,BR,1680119488
195,bethanien,-26.502,17.1583,19.98,14,0,3.66,NA,1680119488
196,port elizabeth,-33.918,25.5701,16.16,71,0,9.26,ZA,1680119406
197,pangnirtung,66.1451,-65.7125,-11.0,52,20,1.03,CA,1680119488
198,lusambo,-4.9667,23.45,21.92,96,99,0.63,CD,1680119489
199,ligayan,4.6533,119.4706,27.56,77,97,3.65,PH,1680119489
200,marsaxlokk,35.8419,14.5431,15.04,76,0,3.09,MT,1680119490
201,buala,-8.145,159.5921,25.84,85,100,2.56,SB,1680119490
202,hendaye,43.3717,-1.7738,26.97,28,0,3.6,FR,1680119490
203,puerto ayora,-0.7393,-90.3518,30.98,83,58,2.24,EC,1680119490
204,airai,-8.9266,125.4092,14.05,91,100,1.83,TL,1680119491
205,veraval,20.9,70.3667,23.8,79,0,3.84,IN,1680119491
206,ipixuna,-1.7625,-48.8043,25.12,92,92,2.99,BR,1680119491
207,mirnyy,62.5353,113.9611,-8.2,92,100,5.81,RU,1680119491
208,chunskiy,56.0815,99.6342,-1.06,96,8,1.31,RU,1680119492
209,klaksvik,62.2266,-6.589,4.51,97,100,18.76,FO,1680119492
210,natal,-5.795,-35.2094,29.36,70,40,6.17,BR,1680118943
211,hasaki,35.7333,140.8333,11.22,76,52,0.61,JP,1680119492
212,aliaga,15.5167,120.8667,25.72,84,100,1.41,PH,1680119492
213,riyadh,24.6877,46.7219,21.08,20,2,3.35,SA,1680119478
214,cururupu,-1.8283,-44.8683,25.68,88,95,1.53,BR,1680119493
215,vila velha,-20.3297,-40.2925,28.97,70,20,4.12,BR,1680119358
216,verkhoyansk,67.5447,133.385,-25.83,100,100,0.27,RU,1680119494
217,roald,62.5833,6.1333,2.64,55,0,7.72,NO,1680119494
218,mitzic,0.7821,11.549,19.84,97,100,0.67,GA,1680119494
219,mehamn,71.0357,27.8492,-2.03,100,100,9.26,NO,1680119494
220,leningradskiy,69.3833,178.4167,-11.46,90,100,3.89,RU,1680119495
221,tautira,-17.7333,-149.15,27.14,76,91,2.44,PF,1680119495
222,ponta do sol,32.6667,-17.1,22.85,41,24,2.67,PT,1680119495
223,bandraboua,-12.7044,45.1223,26.82,71,70,1.7,YT,1680119495
224,la palma,33.8464,-118.0467,16.23,75,75,5.14,US,1680119495
225,popondetta,-8.7537,148.2534,23.15,90,97,1.31,PG,1680119496
226,bereda,43.2686,-7.5406,15.88,80,100,5.05,ES,1680119496
227,maple creek,49.9168,-109.4848,3.03,41,8,1.03,CA,1680119496
228,suwalki,54.1118,22.9309,-0.31,62,100,3.15,PL,1680119496
229,pevek,69.7008,170.3133,-15.36,95,100,3.37,RU,1680119497
230,van,38.4924,43.3831,8.86,56,71,12.53,TR,1680119497
231,vzmorye,54.6961,20.2361,5.05,69,100,5.32,RU,1680119497
232,codrington,-38.2667,141.9667,11.33,88,20,3.29,AU,1680119497
233,monterey,36.2505,-121.2516,6.5,83,100,3.75,US,1680119498
234,nakama,33.8167,130.7,9.92,52,100,2.77,JP,1680119498
235,todos santos,23.45,-110.2167,21.48,72,100,1.97,MX,1680119498
236,otane,-39.8833,176.6333,12.23,72,95,7.2,NZ,1680119498
237,yinchuan,38.4681,106.2731,11.48,18,100,1.41,CN,1680119499
238,husavik,66.0449,-17.3389,1.82,80,85,13.24,IS,1680119499
239,coquimbo,-29.9533,-71.3436,19.85,72,20,6.69,CL,1680118996
240,bathsheba,13.2167,-59.5167,29.34,54,20,8.75,BB,1680119499
241,port hardy,50.6996,-127.4199,8.0,61,20,1.54,CA,1680119500
242,vestmanna,62.1564,-7.1664,3.51,87,100,16.46,FO,1680119500
243,saldanha,-33.0117,17.9442,16.03,79,63,9.86,ZA,1680119500
244,east london,-33.0153,27.9116,17.72,65,91,7.34,ZA,1680119345
245,calituban,10.24,124.2919,27.05,79,71,4.94,PH,1680119501
246,udachnyy,66.4167,112.4,-18.94,99,100,2.15,RU,1680119501
247,boshkengash,38.4661,68.8053,17.19,59,100,2.0,TJ,1680119501
248,hualahuises,24.8847,-99.6733,18.61,68,100,2.76,MX,1680119501
249,mar del plata,-38.0023,-57.5575,18.01,54,40,7.2,AR,1680119285
250,teya,60.3778,92.6267,-11.76,89,100,4.48,RU,1680119502
251,arcachon,44.5875,-1.0519,23.18,45,0,3.09,FR,1680119502
252,ilulissat,69.2167,-51.1,-21.04,87,0,0.79,GL,1680119503
253,pakruojis,55.9667,23.8667,-0.56,63,99,2.98,LT,1680119503
254,shache,38.4167,77.2406,15.4,16,100,3.52,CN,1680119503
255,usinsk,65.9939,57.5281,-17.54,100,20,2.02,RU,1680119503
256,dalianwan,39.0286,121.695,8.02,57,0,1.0,CN,1680119504
257,shuangcheng,45.35,126.2833,4.82,37,7,2.13,CN,1680119504
258,beloha,-25.1667,45.05,20.95,80,0,4.07,MG,1680119504
259,sibenik,43.7272,15.9058,10.77,62,100,0.45,HR,1680119504
260,santa rosa,14.3122,121.1114,26.17,67,100,1.78,PH,1680119504
261,athens,37.9795,23.7162,12.59,35,20,1.54,GR,1680119401
262,sembakung,3.8167,117.25,22.97,99,100,0.98,ID,1680119505
263,hambantota,6.1241,81.1185,25.34,74,93,1.43,LK,1680119505
264,chipinge,-20.1883,32.6236,16.2,87,5,1.48,ZW,1680119505
265,pochutla,15.7432,-96.4661,32.68,42,28,4.42,MX,1680119506
266,acurenam,1.0322,10.6488,19.62,96,100,0.81,GQ,1680119506
267,igarka,67.4667,86.5833,-26.17,99,83,3.71,RU,1680119506
268,ostersund,63.1792,14.6357,-6.75,49,0,1.54,SE,1680119506
269,rocha,-34.4833,-54.3333,26.82,60,31,2.05,UY,1680119506
270,segou,13.4317,-6.2157,32.77,27,39,2.81,ML,1680119507
271,ulladulla,-35.35,150.4667,13.2,80,17,2.15,AU,1680119448
272,nouadhibou,20.931,-17.0347,19.99,83,0,9.26,MR,1680119507
273,necochea,-38.5473,-58.7368,16.0,47,3,7.74,AR,1680119508
274,romanovo,52.6182,81.2271,0.59,90,2,2.84,RU,1680119508
275,korostyshiv,50.3172,29.0563,-3.93,87,44,3.75,UA,1680119508
276,esmeraldas,-19.7625,-44.3139,31.06,72,69,1.39,BR,1680119509
277,tiznit,29.5833,-9.5,25.36,20,0,0.46,MA,1680119509
278,pokaran,26.9167,71.9167,25.74,44,100,1.47,IN,1680119273
279,maku,39.2911,44.4521,11.3,43,66,9.1,IR,1680119509
280,narsaq,60.9167,-46.05,-5.33,73,13,0.9,GL,1680119510
281,hofn,64.2539,-15.2082,3.0,97,100,11.76,IS,1680119510
282,benghazi,32.1167,20.0667,14.05,57,0,6.53,LY,1680119510
283,namibe,-15.1961,12.1522,24.18,76,100,2.4,AO,1680119511
284,magadan,59.5667,150.8,-14.9,93,55,2.37,RU,1680119511
285,ancud,-41.8697,-73.8203,12.0,61,94,4.73,CL,1680119278
286,salalah,17.0151,54.0924,27.03,64,8,0.23,OM,1680119511
287,saint-pierre,-21.3393,55.4781,25.82,83,100,4.12,RE,1680119512
288,glendive,47.1053,-104.7125,-0.21,55,0,3.09,US,1680119512
289,talnakh,69.4865,88.3972,-28.23,100,100,2.7,RU,1680119339
290,mahebourg,-20.4081,57.7,27.16,83,75,3.6,MU,1680119513
291,tura,25.5198,90.2201,19.86,76,36,1.75,IN,1680119513
292,bambous virieux,-20.3428,57.7575,27.14,83,75,3.6,MU,1680119514
293,balingasay,16.3573,119.8564,26.12,77,97,2.1,PH,1680119514
294,oranjestad,12.524,-70.027,28.97,65,40,12.35,AW,1680119353
295,altay,47.8667,88.1167,3.13,85,75,1.88,CN,1680119514
296,caernarfon,53.1413,-4.2702,12.04,48,100,6.71,GB,1680119515
297,gillette,44.2911,-105.5022,-2.49,74,100,8.75,US,1680119515
298,bambanglipuro,-7.95,110.2833,25.21,88,96,1.88,ID,1680119515
299,bafoulabe,13.8065,-10.8321,36.06,9,0,2.16,ML,1680119515
300,havre-saint-pierre,50.2334,-63.5986,2.2,75,100,4.12,CA,1680119340
301,san cristobal,7.7669,-72.225,24.1,52,100,1.6,VE,1680119516
302,anlu,31.1661,112.5831,11.45,76,56,1.84,CN,1680119517
303,kendari,-3.945,122.4989,24.33,92,100,1.5,ID,1680119517
304,presidente medici,-11.1753,-61.9014,28.95,78,74,1.46,BR,1680119517
305,ntchisi,-13.5278,33.9149,14.28,96,62,0.83,MW,1680119517
306,sao gabriel,-30.3364,-54.32,32.32,42,83,2.84,BR,1680119518
307,luderitz,-26.6481,15.1594,16.69,66,0,10.01,NA,1680119518
308,vicksburg,32.3526,-90.8779,17.85,32,0,2.57,US,1680119518
309,matay,28.419,30.7792,16.04,48,0,9.28,EG,1680119519
310,orotukan,62.2667,151.7,-16.54,93,67,3.47,RU,1680119520
311,guilin,25.2819,110.2864,13.06,91,100,1.37,CN,1680119520
312,coihaique,-45.5752,-72.0662,8.97,66,75,3.09,CL,1680119520
313,male,4.1748,73.5089,28.97,79,20,2.06,MV,1680119520
314,pombas,17.1503,-25.0201,25.88,63,41,3.34,CV,1680119520
315,sibolga,1.7427,98.7792,23.93,91,98,1.6,ID,1680119521
316,wahiawa,21.5028,-158.0236,25.18,84,100,3.6,US,1680119521
317,haines junction,60.7522,-137.5108,-3.03,54,100,1.03,CA,1680119521
318,lavrentiya,65.5833,-171.0,-6.88,95,100,5.57,RU,1680119514
319,ibra,22.6906,58.5334,23.48,30,0,2.39,OM,1680119522
320,sao miguel,-5.4667,-35.3667,29.43,76,6,4.43,BR,1680119172
321,englewood,39.6478,-104.9878,16.37,30,75,2.68,US,1680119523
322,fredericton,45.9454,-66.6656,6.58,37,100,6.17,CA,1680119326
323,nosy varika,-20.5833,48.5333,23.34,85,100,0.41,MG,1680119523
324,dingle,10.9995,122.6711,24.12,90,100,3.09,PH,1680119524
325,general pico,-35.6566,-63.7568,23.15,20,21,5.05,AR,1680119524
326,iberia,29.9502,-91.7507,16.13,72,75,5.14,US,1680119525
327,general roca,-39.0333,-67.5833,18.58,17,0,1.21,AR,1680119525
328,parabel,58.6978,81.4825,-7.21,81,88,4.14,RU,1680119525
329,saint-andre-les-vergers,48.2853,4.0521,16.02,67,0,3.6,FR,1680119525
330,waterfoot,53.6929,-2.2525,12.95,86,100,0.89,GB,1680119526
331,manzanillo,20.3433,-77.1167,32.57,38,0,3.73,CU,1680119416
332,great falls,47.5002,-111.3008,3.01,62,75,0.0,US,1680119527
333,russell,32.3502,-85.1999,20.54,32,0,3.6,US,1680119527
334,hazorasp,41.3194,61.0742,13.91,33,1,2.78,UZ,1680119527
335,richards bay,-28.783,32.0377,20.92,89,98,4.87,ZA,1680119527
336,erdenet,49.0333,104.0833,1.9,46,1,2.17,MN,1680119527
337,tunceli,39.1083,39.5471,5.0,97,100,2.62,TR,1680119528
338,hay river,60.8156,-115.7999,-8.02,62,75,3.09,CA,1680119528
339,lorengau,-2.0226,147.2712,26.89,79,94,2.29,PG,1680119528
340,la rioja,42.25,-2.5,14.88,38,100,3.73,ES,1680119529
341,peniche,39.3558,-9.3811,16.73,90,16,3.95,PT,1680119465
342,altamira,-3.2033,-52.2064,32.05,58,40,2.57,BR,1680119529
343,huilong,31.8111,121.655,11.07,92,100,2.54,CN,1680119530
344,port-gentil,-0.7193,8.7815,24.98,94,40,2.57,GA,1680119530
345,letka,59.6011,49.4232,-3.5,86,34,4.26,RU,1680119531
346,hailey,43.5196,-114.3153,4.33,82,100,0.0,US,1680119531
347,jalu,29.0331,21.5482,16.08,29,0,3.84,LY,1680119531
348,tiarei,-17.5333,-149.3333,31.01,77,92,2.73,PF,1680119532
349,ha tinh,18.3333,105.9,21.03,94,100,0.95,VN,1680119532
350,muros,42.7762,-9.0603,16.58,84,48,7.39,ES,1680119532
351,kununurra,-15.7667,128.7333,21.99,94,93,1.03,AU,1680119532
352,odweyne,9.4092,45.064,24.26,62,34,1.88,SO,1680119533
353,ust-tsilma,65.441,52.1498,-12.75,97,92,1.88,RU,1680119529
354,yerbogachen,61.2767,108.0108,1.89,97,100,6.91,RU,1680119533
355,aykino,62.2248,49.9922,-6.65,93,74,3.31,RU,1680119533
356,qiongshan,20.0058,110.3542,22.99,100,75,2.0,CN,1680119534
357,west bay,19.3667,-81.4167,29.44,71,20,3.6,KY,1680119534
358,rosarito,32.3333,-117.0333,14.51,79,100,5.54,MX,1680119534
359,broken hill,-31.95,141.4333,12.37,71,0,4.72,AU,1680119534
360,los llanos de aridane,28.6585,-17.9182,20.86,53,0,5.14,ES,1680119535
361,bouca,6.5105,18.2733,24.46,70,100,3.17,CF,1680119535
362,port lincoln,-34.7333,135.8667,15.58,78,52,3.09,AU,1680119535
363,sorland,67.667,12.6934,-2.08,51,7,1.88,NO,1680119536
364,puerto madero,14.7208,-92.4215,30.13,66,2,5.92,MX,1680119536
365,baoning,25.3378,110.026,12.92,100,40,1.0,CN,1680119536
366,parfino,57.9731,31.6481,-2.73,95,100,4.69,RU,1680119537
367,iqaluit,63.7506,-68.5145,-16.15,77,75,10.29,CA,1680119537
368,nampula,-15.1165,39.2666,21.97,88,100,3.6,MZ,1680119538
369,mandalgovi,45.7625,106.2708,2.71,26,0,1.19,MN,1680119538
370,arroio grande,-32.2375,-53.0869,30.28,46,93,2.95,BR,1680119539
371,smithers,54.7804,-127.1743,5.18,42,20,1.54,CA,1680119539
372,nalobikha,53.2006,84.6039,1.26,99,100,2.02,RU,1680119540
373,touros,-5.1989,-35.4608,27.41,74,7,4.19,BR,1680119528
374,zhigansk,66.7697,123.3711,-27.62,100,23,1.52,RU,1680119541
375,deputatskiy,69.3,139.9,-29.59,98,100,0.91,RU,1680119542
376,meulaboh,4.1363,96.1285,25.07,87,19,1.3,ID,1680119542
377,khilok,51.3674,110.4676,-1.1,91,36,1.59,RU,1680119543
378,faanui,-16.4833,-151.75,28.08,74,84,4.74,PF,1680119543
379,shenjiamen,29.9576,122.298,10.72,94,100,5.97,CN,1680119543
380,champerico,14.3,-91.9167,35.3,65,5,6.6,GT,1680119544
381,yulara,-25.2406,130.9889,21.02,45,83,6.23,AU,1680119544
382,polunochnoye,60.8697,60.4153,-13.57,96,13,1.32,RU,1680119544
383,west wendover,40.7391,-114.0733,11.56,32,100,2.06,US,1680119545
384,berlevag,70.8578,29.0864,-2.0,93,75,11.32,NO,1680119545
385,nhulunbuy,-12.2333,136.7667,25.34,94,21,2.06,AU,1680119545
386,yining,29.0361,114.5636,11.69,98,100,0.38,CN,1680119545
387,turukhansk,65.8167,87.9833,-26.11,100,97,2.56,RU,1680119546
388,gat,31.61,34.7642,14.38,100,78,6.36,IL,1680119281
389,provost,52.3501,-110.2683,-1.75,84,78,4.04,CA,1680119546
390,laiyang,36.9758,120.7136,7.34,45,39,1.28,CN,1680119546
391,nizhniy ingash,56.2,96.53,5.27,80,27,4.09,RU,1680119547
392,ambovombe,-25.1667,46.0833,21.02,79,3,3.31,MG,1680119547
393,port augusta,-32.5,137.7667,14.72,78,54,2.15,AU,1680119547
394,amot,59.5714,7.9877,-4.9,98,100,1.54,NO,1680119547
395,wattegama,6.7989,81.4808,22.16,88,57,0.79,LK,1680119548
396,triunfo,-29.9433,-51.7181,30.1,69,89,5.91,BR,1680119548
397,aguilar de la frontera,37.5143,-4.6554,16.03,38,75,2.98,ES,1680119548
398,cabo san lucas,22.8909,-109.9124,28.12,38,100,3.03,MX,1680119468
399,puerto escondido,15.85,-97.0667,30.43,57,2,4.05,MX,1680119549
400,kalmunai,7.4167,81.8167,24.26,80,10,0.96,LK,1680119549
401,olinda,-8.0089,-34.8553,25.85,83,75,3.6,BR,1680119012
402,vao,-22.6667,167.4833,24.57,77,64,3.78,NC,1680119549
403,beaupre,47.0443,-70.8953,6.03,48,95,1.54,CA,1680119550
404,mackay,-21.15,149.2,22.05,86,2,2.35,AU,1680119550
405,paso de los toros,-32.8167,-56.5167,29.69,48,12,2.9,UY,1680119550
406,ahuimanu,21.4447,-157.8378,26.84,86,100,6.17,US,1680119550
407,erzin,36.9559,36.2,9.89,76,85,2.64,TR,1680119551
408,colares,38.7992,-9.4469,18.52,83,40,5.36,PT,1680119522
409,srednekolymsk,67.45,153.6833,-21.86,97,99,2.63,RU,1680119551
410,grindavik,63.8424,-22.4338,4.97,87,75,6.69,IS,1680119551
411,harnosand,62.6323,17.9379,-7.0,81,9,3.51,SE,1680119274
412,graciano sanchez,23.9167,-99.2833,24.67,60,98,3.0,MX,1680119552
413,road town,18.4167,-64.6167,28.05,57,20,4.63,VG,1680119470
414,puerto quijarro,-17.7833,-57.7667,31.74,55,97,1.75,BO,1680119552
415,bandarbeyla,9.4942,50.8122,27.19,73,21,3.08,SO,1680119552
416,lac-megantic,45.5834,-70.8823,3.19,85,90,2.97,CA,1680119286
417,telimele,10.9167,-13.3333,26.81,48,70,3.38,GN,1680119553
418,bako,5.7833,36.5667,17.72,86,30,2.17,ET,1680119553
419,kyzyl-suu,42.3414,78.0056,7.41,48,100,3.31,KG,1680119554
420,dauphin,51.1494,-100.0502,-1.92,54,0,8.75,CA,1680119554
421,okhotsk,59.3833,143.3,-7.87,96,100,2.46,RU,1680119554
422,santa cruz de tenerife,28.4682,-16.2546,26.28,21,0,4.12,ES,1680119555
423,tsiroanomandidy,-18.7667,46.0333,19.65,96,100,1.93,MG,1680119555
424,kaputa,-8.4689,29.6619,20.55,90,72,0.87,ZM,1680119555
425,chake chake,-5.2459,39.7666,26.1,83,96,2.62,TZ,1680119556
426,akyab,20.15,92.9,24.79,83,7,3.25,MM,1680119556
427,surt,31.2089,16.5887,14.8,60,0,5.67,LY,1680119357
428,la celia,5.0433,-76.0167,19.77,73,95,0.73,CO,1680119556
429,torit,4.4133,32.5678,24.42,72,70,1.87,SS,1680119556
430,kosh-agach,50.0,88.6667,-9.01,77,41,1.48,RU,1680119557
431,ambilobe,-13.2,49.05,23.32,95,96,1.47,MG,1680119274
432,zapolyarnyy,69.4154,30.8136,-4.4,95,100,7.92,RU,1680119557
433,vermilion,40.1667,-87.7506,10.89,56,100,7.72,US,1680119557
434,belyy yar,53.6039,91.3903,1.94,64,0,1.0,RU,1680119558
435,isangel,-19.55,169.2667,25.6,84,84,2.41,VU,1680119558
436,khani,41.9563,42.9566,0.76,99,100,2.27,GE,1680119559
437,shingu,33.7333,135.9833,8.38,63,100,2.63,JP,1680119560
438,xapuri,-10.6517,-68.5044,27.14,85,100,1.66,BR,1680119561
439,vanavara,60.34,102.2797,2.55,99,100,6.34,RU,1680119561
440,raalte,52.3858,6.275,12.45,86,100,5.8,NL,1680119562
441,mount pleasant,32.7941,-79.8626,19.44,63,75,5.66,US,1680119562
442,buta,2.7858,24.73,21.03,97,72,1.13,CD,1680119562
443,dobson,36.3957,-80.7226,15.72,37,0,0.0,US,1680119562
444,baghdad,33.3406,44.4009,20.95,52,0,4.63,IQ,1680119322
445,santiago del estero,-27.7951,-64.2615,35.77,36,0,2.66,AR,1680119444
446,arroyo,41.6096,-4.7969,19.77,37,0,6.69,ES,1680119563
447,algiers,36.7525,3.042,14.9,77,0,1.03,DZ,1680119352
448,jumla,29.2747,82.1838,6.28,87,88,1.21,NP,1680119563
449,beibei,29.8256,106.4339,13.54,88,85,1.08,CN,1680119564
450,banepa,27.6298,85.5214,15.07,63,20,1.54,NP,1680119564
451,college,64.8569,-147.8028,-2.18,61,75,1.03,US,1680119526
452,urubicha,-15.3833,-62.95,28.03,73,100,1.57,BO,1680119565
453,kaseda,31.4167,130.3167,13.81,67,100,2.95,JP,1680119565
454,nola,40.922,14.5329,12.87,87,38,1.47,IT,1680119566
455,sao jose da coroa grande,-8.8978,-35.1478,26.65,80,32,4.44,BR,1680119563
456,waupun,43.6333,-88.7296,0.48,34,50,5.37,US,1680119566
457,yamada,39.4667,141.95,4.67,83,1,1.62,JP,1680119567
458,arman,59.7,150.1667,-14.97,95,95,2.89,RU,1680119567
459,albacete,38.8333,-2.0,17.45,34,0,3.6,ES,1680119567
460,cockburn town,21.4612,-71.1419,25.43,70,0,5.21,TC,1680119568
461,helong,42.5397,128.9972,4.75,67,41,2.74,CN,1680119568
462,wanning,18.8003,110.3967,23.59,93,75,0.54,CN,1680119568
463,sturgeon falls,46.3646,-79.9326,1.05,60,68,8.07,CA,1680119569
464,kalmar,56.6616,16.3616,3.96,93,100,2.57,SE,1680119569
465,seymchan,62.8833,152.4333,-21.11,100,96,0.53,RU,1680119570
466,macau,22.2006,113.5461,19.89,88,40,2.57,MO,1680119570
467,claveria,18.6074,121.0832,24.36,86,0,1.66,PH,1680119570
468,salima,-13.7804,34.4587,20.72,94,33,1.86,MW,1680119571
469,kokopo,-4.352,152.2633,24.49,86,97,2.03,PG,1680119571
470,at-bashi,41.1702,75.8106,-0.19,58,100,1.72,KG,1680119571
471,kencong,-8.2833,113.3667,23.79,92,62,1.04,ID,1680119571
472,dondaicha,21.3333,74.5667,26.87,37,0,6.58,IN,1680119572
473,tessalit,20.1986,1.0114,28.82,7,0,3.41,ML,1680119572
474,altamont,42.2068,-121.7372,3.83,63,100,1.34,US,1680119573
475,sao filipe,14.8961,-24.4956,25.46,57,94,3.6,CV,1680119573
476,gashua,12.871,11.0482,27.79,11,100,4.1,NG,1680119573
477,margherita,27.2833,95.6833,17.44,87,77,1.19,IN,1680119573
478,douglas,41.3,-96.167,5.97,47,0,7.2,US,1680119574
479,sekoma,-24.4,23.8833,23.98,40,30,2.85,BW,1680119574
480,estelle,29.8458,-90.1067,18.0,51,75,5.14,US,1680119574
481,sungairaya,0.7,108.9,25.45,89,100,2.24,ID,1680119574
482,utraula,27.3167,82.4167,24.2,23,100,2.49,IN,1680119575
483,san rafael,-34.6177,-68.3301,17.87,31,45,3.99,AR,1680119575
484,lakes entrance,-37.8811,147.981,13.42,74,97,8.64,AU,1680119576
485,mount gambier,-37.8333,140.7667,10.61,92,35,1.73,AU,1680119576
486,port macquarie,-31.4333,152.9167,16.61,81,0,2.19,AU,1680119576
487,winnemucca,40.973,-117.7357,2.03,75,99,0.0,US,1680119423
488,saryozek,44.3583,77.9753,11.76,45,100,2.18,KZ,1680119577
489,bull savanna,17.8868,-77.5902,27.42,62,3,6.36,JM,1680119577
490,arnstadt,50.8333,10.95,11.28,75,0,4.12,DE,1680119578
491,fort nelson,58.8053,-122.7002,0.53,75,75,3.09,CA,1680119578
492,sitka,57.0531,-135.33,4.94,65,0,7.2,US,1680119578
493,karema,-6.8205,30.4389,21.78,87,86,1.12,TZ,1680119578
494,kenora,49.8167,-94.4337,-4.46,42,20,7.2,CA,1680119579
495,birin,26.8865,88.0718,12.96,36,13,2.74,NP,1680119579
496,slonim,53.0867,25.3219,-1.8,64,0,2.15,BY,1680119579
497,mercedes,-34.6515,-59.4307,23.81,63,44,4.4,AR,1680119579
498,riviere-au-renard,48.9957,-64.3971,0.16,89,73,1.59,CA,1680119580
499,dunedin,-45.8742,170.5036,8.22,80,62,2.96,NZ,1680119580
500,valparaiso,-33.0393,-71.6273,28.13,43,0,7.72,CL,1680119581
501,lumphat,13.4878,106.9816,24.57,85,99,1.3,KH,1680119581
502,kokkola,63.8385,23.1307,-9.91,92,0,1.54,FI,1680119552
503,mackenzie,55.2999,-123.1698,2.12,41,40,1.03,CA,1680119582
504,vestmannaeyjar,63.4427,-20.2734,4.83,84,100,13.87,IS,1680119583
505,abay,49.6311,72.8539,-2.79,77,7,3.7,KZ,1680119338
506,padang,-0.9492,100.3543,24.97,88,89,0.47,ID,1680119584
507,sabang,5.8933,95.3214,28.02,73,4,3.63,ID,1680119584
508,ati,13.2154,18.3353,32.87,17,100,2.26,TD,1680119584
509,kommunar,59.6206,30.39,-3.26,92,100,4.22,RU,1680119585
510,volksrust,-27.3654,29.8818,12.7,75,48,0.71,ZA,1680119585
511,gamboma,-1.8764,15.8644,22.36,93,34,1.78,CG,1680119586
512,samarai,-10.6167,150.6667,27.75,74,11,2.31,PG,1680119586
513,kirakira,-10.4544,161.9205,26.3,84,100,1.68,SB,1680119587
514,alto araguaia,-17.3147,-53.2153,27.82,64,8,2.73,BR,1680119587
515,bonfim,3.0833,-59.95,35.21,32,84,2.59,BR,1680119588
516,ixtapa,20.7,-105.2,31.14,32,89,4.14,MX,1680119588
517,catamarca,-28.4696,-65.7852,33.56,47,7,1.34,AR,1680119448
518,manama,26.2154,50.5832,23.29,58,0,4.12,BH,1680119313
519,gladstone,-23.85,151.25,22.96,83,75,2.06,AU,1680119589
520,samandag,36.0842,35.9771,12.96,61,20,7.48,TR,1680119589
521,atambua,-9.1061,124.8925,22.43,87,100,1.43,ID,1680119590
522,balabac,7.9868,117.0645,26.72,82,59,3.62,PH,1680119590
523,lazaro cardenas,17.9583,-102.2,30.04,44,95,4.95,MX,1680119590
524,maniitsoq,65.4167,-52.9,-7.09,73,5,2.95,GL,1680119591
525,acari,-15.4311,-74.6158,28.11,63,67,4.58,PE,1680119591
526,uddevalla,58.3478,11.9424,-0.01,85,96,0.89,SE,1680119591
527,makakilo city,21.3469,-158.0858,24.69,82,100,3.6,US,1680119592
528,chaozhou,23.6651,116.6379,16.92,90,100,1.26,CN,1680119593
529,tivaouane,14.9515,-16.8129,25.19,71,0,5.86,SN,1680119593
530,neryungri,56.6709,124.6491,-21.49,100,34,1.47,RU,1680119594
531,hualmay,-11.0964,-77.6139,26.73,68,84,4.64,PE,1680119594
532,opuwo,-18.0607,13.84,22.62,68,98,2.29,NA,1680119594
533,borogontsy,62.6683,131.1683,-13.02,96,100,1.9,RU,1680119594
534,teahupoo,-17.8333,-149.2667,27.98,78,93,3.29,PF,1680119595
535,lokosovo,61.1333,74.8167,-7.05,89,99,5.69,RU,1680119595
536,sioux lookout,50.1001,-91.917,-5.96,38,20,5.66,CA,1680119595
537,moron,-34.6534,-58.6198,24.83,57,69,4.07,AR,1680119596
538,bontang,0.1333,117.5,25.29,87,100,1.37,ID,1680119596
539,san policarpo,12.1791,125.5072,26.38,81,100,3.76,PH,1680119596
540,talisay,10.2447,123.8494,27.01,89,75,4.12,PH,1680119597
541,twin falls,42.3505,-114.6445,2.18,74,100,4.54,US,1680119597
542,dharchula,29.85,80.5333,14.53,44,100,2.83,IN,1680119597
543,lewistown,40.5992,-77.5714,13.47,63,20,5.14,US,1680119598
544,betioky,-23.7167,44.3833,20.48,75,0,0.56,MG,1680119598
545,palora,-1.7,-77.9333,24.06,81,93,0.49,EC,1680119598
546,khorramshahr,30.4397,48.1664,21.98,64,0,1.03,IR,1680119599
547,kinna,57.5073,12.6946,0.97,96,89,1.78,SE,1680119599
548,raudeberg,61.9875,5.1352,2.37,66,19,2.79,NO,1680119599
549,naze,28.3667,129.4833,16.51,86,100,7.67,JP,1680119600
550,balkhash,46.844,74.9804,5.21,64,35,4.79,KZ,1680119600
551,kibaya,-5.3,36.5667,15.74,91,100,1.01,TZ,1680119600
552,dumbrava,44.8833,26.1833,4.81,53,2,1.34,RO,1680119600
553,galesong,-5.3166,119.3661,24.01,82,70,1.03,ID,1680119601
554,brae,60.3964,-1.353,6.22,93,100,12.69,GB,1680119601
555,yakeshi,49.2833,120.7333,-6.8,91,24,1.9,CN,1680119601
556,beziers,43.3476,3.219,13.71,82,100,5.14,FR,1680119602
557,havelock,34.8791,-76.9013,15.53,60,75,7.2,US,1680119442
558,duldurga,50.6761,113.5931,1.94,82,23,2.42,RU,1680119602
559,hobyo,5.3505,48.5268,27.74,74,18,4.04,SO,1680119603
560,qaqortoq,60.7167,-46.0333,-3.45,79,17,0.37,GL,1680119603
561,starobaltachevo,56.0013,55.9213,-0.25,75,14,4.86,RU,1680119604
562,kunming,25.0389,102.7183,6.96,87,0,3.0,CN,1680119604
563,kibala,9.1104,18.3463,32.97,29,0,1.54,TD,1680119604
564,perth,-31.9333,115.8333,22.04,48,0,7.72,AU,1680119473
565,ambulu,-8.345,113.6058,24.46,90,62,1.06,ID,1680119605
566,porto velho,-8.7619,-63.9039,33.03,55,40,1.03,BR,1680119444
567,andenes,69.3143,16.1194,-3.01,80,75,2.06,NO,1680119605
568,kropotkin,45.4375,40.5756,2.22,99,100,5.1,RU,1680119605
569,terney,45.0503,136.6092,2.18,71,21,1.97,RU,1680119606
570,khasan,42.4308,130.6434,3.52,81,13,1.11,RU,1680119606
571,ondangwa,-17.9167,15.95,27.59,44,95,1.64,NA,1680119606
572,gilgit,35.9221,74.3087,11.85,56,100,1.12,PK,1680119607
573,ayagoz,47.9714,80.4392,1.19,76,16,1.23,KZ,1680119607
574,homer,59.6425,-151.5483,2.8,75,100,1.61,US,1680119608
575,apache junction,33.4151,-111.5496,26.58,14,0,3.58,US,1680119608
576,pedasi,7.5333,-80.0333,29.07,61,3,5.89,PA,1680119609
577,tonstad,58.6626,6.7169,1.78,92,100,3.55,NO,1680119609
578,vardo,70.3705,31.1107,-1.01,100,100,15.43,NO,1680119609
579,jining,35.405,116.5814,9.67,82,91,3.16,CN,1680119610
